"_id","gender","birthday"
"093213213212","Male","2002-08-15"
"012345677","Female",""
"0372976121","Female","2002-08-19"
"0354723398","Female",""
"0123456789","Male","2002-08-15"
"0888888888","Female",""
"google:103859246793954049618","Female",""
"google:108060067457088315586","không",""
"google:118174498639844896992","không",""
"0999999999","Female",""
"0918108222","Female",""
"0105289402","Female","1999-08-15"
"0354723333","Female",""
"0123456788","Female",""
"0123456787","Female",""
"0123654789","Female",""
"0987654321","Female",""
"0372976131","Female",""
"0312381234","Female",""
"03123812346","Female",""
"03547233333","Female",""
"03547233332","Female",""
"0123456888","Male",""
"0123456777","Female",""
"01234567392","Male",""
"0123456555","Male",""
"0123456444","Male",""
"0123456333","Female","2004-09-08"